"","Strain","Mice_ID","Delivery_Date","Shipment","Birth_date","Experiment_date","3_Weeks_lag","Age_min_sd","Age_max_sd","Age","Treatment","Sample","Group"
"1-BXD45-1","BXD45","1-BXD45-1","05.12.2019",1,"22.10.2019","mardi, 21 janvier 2020","26.12.2019","14.01.2020","03.02.2020",13,"SD","001","BXD45_SD"
"1-BXD45-2","BXD45","1-BXD45-2","05.12.2019",1,"22.10.2019","lundi, 20 janvier 2020","26.12.2019","14.01.2020","03.02.2020",12.85714286,"CTRL","002","BXD45_CTRL"
"1-BXD51-3","BXD51","1-BXD51-3","05.12.2019",1,"24.09.2019","vendredi, 27 décembre 2019","26.12.2019","17.12.2019","06.01.2020",13.42857143,"SD","003","BXD51_SD"
"1-BXD51-4","BXD51","1-BXD51-4","05.12.2019",1,"24.09.2019","jeudi, 26 décembre 2019","26.12.2019","17.12.2019","06.01.2020",13.28571429,"CTRL","004","BXD51_CTRL"
"1-BXD55-5","BXD55","1-BXD55-5","05.12.2019",1,"15.10.2019","mardi, 7 janvier 2020","26.12.2019","07.01.2020","27.01.2020",12,"SD","005","BXD55_SD"
"1-BXD55-6","BXD55","1-BXD55-6","05.12.2019",1,"15.10.2019","lundi, 6 janvier 2020","26.12.2019","07.01.2020","27.01.2020",11.85714286,"CTRL","006","BXD55_CTRL"
"1-BXD56-7","BXD56","1-BXD56-7","05.12.2019",1,"24.09.2019","vendredi, 27 décembre 2019","26.12.2019","17.12.2019","06.01.2020",13.42857143,"SD","007","BXD56_SD"
"1-BXD56-8","BXD56","1-BXD56-8","05.12.2019",1,"24.09.2019","jeudi, 26 décembre 2019","26.12.2019","17.12.2019","06.01.2020",13.28571429,"CTRL","008","BXD56_CTRL"
"1-BXD61-9","BXD61","1-BXD61-9","05.12.2019",1,"22.10.2019","mardi, 14 janvier 2020","26.12.2019","14.01.2020","03.02.2020",12,"SD","009","BXD61_SD"
"1-BXD61-10","BXD61","1-BXD61-10","05.12.2019",1,"22.10.2019","lundi, 13 janvier 2020","26.12.2019","14.01.2020","03.02.2020",11.85714286,"CTRL","010","BXD61_CTRL"
"1-BXD66-11","BXD66","1-BXD66-11","05.12.2019",1,"24.09.2019","vendredi, 27 décembre 2019","26.12.2019","17.12.2019","06.01.2020",13.42857143,"SD","011","BXD66_SD"
"1-BXD66-12","BXD66","1-BXD66-12","05.12.2019",1,"24.09.2019","jeudi, 26 décembre 2019","26.12.2019","17.12.2019","06.01.2020",13.28571429,"CTRL","012","BXD66_CTRL"
"1-BXD67-13","BXD67","1-BXD67-13","05.12.2019",1,"08.10.2019","mardi, 7 janvier 2020","26.12.2019","31.12.2019","20.01.2020",13,"SD","013","BXD67_SD"
"1-BXD67-14","BXD67","1-BXD67-14","05.12.2019",1,"08.10.2019","lundi, 6 janvier 2020","26.12.2019","31.12.2019","20.01.2020",12.85714286,"CTRL","014","BXD67_CTRL"
"1-BXD70-15","BXD70","1-BXD70-15","05.12.2019",1,"15.10.2019","mardi, 14 janvier 2020","26.12.2019","07.01.2020","27.01.2020",13,"SD","015","BXD70_SD"
"1-BXD70-16","BXD70","1-BXD70-16","05.12.2019",1,"15.10.2019","lundi, 13 janvier 2020","26.12.2019","07.01.2020","27.01.2020",12.85714286,"CTRL","016","BXD70_CTRL"
"1-BXD73-17","BXD73","1-BXD73-17","05.12.2019",1,"24.09.2019","vendredi, 27 décembre 2019","26.12.2019","17.12.2019","06.01.2020",13.42857143,"SD","017","BXD73_SD"
"1-BXD73-18","BXD73","1-BXD73-18","05.12.2019",1,"24.09.2019","jeudi, 26 décembre 2019","26.12.2019","17.12.2019","06.01.2020",13.28571429,"CTRL","018","BXD73_CTRL"
"1-BXD75-19","BXD75","1-BXD75-19","05.12.2019",1,"24.09.2019","vendredi, 27 décembre 2019","26.12.2019","17.12.2019","06.01.2020",13.42857143,"SD","019","BXD75_SD"
"1-BXD75-20","BXD75","1-BXD75-20","05.12.2019",1,"24.09.2019","jeudi, 26 décembre 2019","26.12.2019","17.12.2019","06.01.2020",13.28571429,"CTRL","020","BXD75_CTRL"
"1-BXD83-21","BXD83","1-BXD83-21","05.12.2019",1,"15.10.2019","mardi, 14 janvier 2020","26.12.2019","07.01.2020","27.01.2020",13,"SD","021","BXD83_SD"
"1-BXD83-22","BXD83","1-BXD83-22","05.12.2019",1,"15.10.2019","lundi, 13 janvier 2020","26.12.2019","07.01.2020","27.01.2020",12.85714286,"CTRL","022","BXD83_CTRL"
"1-BXD84-23","BXD84","1-BXD84-23","05.12.2019",1,"24.09.2019","vendredi, 27 décembre 2019","26.12.2019","17.12.2019","06.01.2020",13.42857143,"SD","023","BXD84_SD"
"1-BXD84-24","BXD84","1-BXD84-24","05.12.2019",1,"24.09.2019","jeudi, 26 décembre 2019","26.12.2019","17.12.2019","06.01.2020",13.28571429,"CTRL","024","BXD84_CTRL"
"1-BXD89-25","BXD89","1-BXD89-25","05.12.2019",1,"08.10.2019","mardi, 7 janvier 2020","26.12.2019","31.12.2019","20.01.2020",13,"SD","025","BXD89_SD"
"1-BXD89-26","BXD89","1-BXD89-26","05.12.2019",1,"08.10.2019","lundi, 6 janvier 2020","26.12.2019","31.12.2019","20.01.2020",12.85714286,"CTRL","026","BXD89_CTRL"
"1-BXD65a-27","65a","1-BXD65a-27","05.12.2019",1,"15.10.2019","mardi, 14 janvier 2020","26.12.2019","07.01.2020","27.01.2020",13,"SD","027","65a_SD"
"1-BXD65a-28","65a","1-BXD65a-28","05.12.2019",1,"15.10.2019","lundi, 13 janvier 2020","26.12.2019","07.01.2020","27.01.2020",12.85714286,"CTRL","028","65a_CTRL"
"1-BXD100-29","BXD100","1-BXD100-29","05.12.2019",1,"08.10.2019","mardi, 14 janvier 2020","26.12.2019","31.12.2019","20.01.2020",14,"SD","029","BXD100_SD"
"1-BXD100-30","BXD100","1-BXD100-30","05.12.2019",1,"08.10.2019","lundi, 13 janvier 2020","26.12.2019","31.12.2019","20.01.2020",13.85714286,"CTRL","030","BXD100_CTRL"
"1-BXD101-31","BXD101","1-BXD101-31","05.12.2019",1,"20.09.2019","vendredi, 27 décembre 2019","26.12.2019","13.12.2019","02.01.2020",14,"SD","031","BXD101_SD"
"1-BXD101-32","BXD101","1-BXD101-32","05.12.2019",1,"20.09.2019","jeudi, 26 décembre 2019","26.12.2019","13.12.2019","02.01.2020",13.85714286,"CTRL","032","BXD101_CTRL"
"1-C57Bl6-33","C57Bl6","1-C57Bl6-33","05.12.2019",1,"08.10.2019","mardi, 7 janvier 2020","26.12.2019","31.12.2019","20.01.2020",13,"SD","033","C57Bl6_SD"
"1-C57Bl6-34","C57Bl6","1-C57Bl6-34","05.12.2019",1,"08.10.2019","lundi, 6 janvier 2020","26.12.2019","31.12.2019","20.01.2020",12.85714286,"CTRL","034","C57Bl6_CTRL"
"1-DBA-35","DBA","1-DBA-35","05.12.2019",1,"08.10.2019","mardi, 7 janvier 2020","26.12.2019","31.12.2019","20.01.2020",13,"SD","035","DBA_SD"
"1-DBA-36","DBA","1-DBA-36","05.12.2019",1,"08.10.2019","lundi, 6 janvier 2020","26.12.2019","31.12.2019","20.01.2020",12.85714286,"CTRL","036","DBA_CTRL"
"2-BXD48-37","BXD48","2-BXD48-37","12.12.2019",2,"22.10.2019","mardi, 28 janvier 2020","02.01.2020","14.01.2020","03.02.2020",14,"SD","037","BXD48_SD"
"2-BXD48-38","BXD48","2-BXD48-38","12.12.2019",2,"22.10.2019","lundi, 27 janvier 2020","02.01.2020","14.01.2020","03.02.2020",13.85714286,"CTRL","038","BXD48_CTRL"
"2-BXD49-39","BXD49","2-BXD49-39","12.12.2019",2,"15.10.2019","mardi, 14 janvier 2020","02.01.2020","07.01.2020","27.01.2020",13,"SD","039","BXD49_SD"
"2-BXD49-40","BXD49","2-BXD49-40","12.12.2019",2,"15.10.2019","lundi, 13 janvier 2020","02.01.2020","07.01.2020","27.01.2020",12.85714286,"CTRL","040","BXD49_CTRL"
"2-BXD50-41","BXD50","2-BXD50-41","12.12.2019",2,"22.10.2019","mardi, 28 janvier 2020","02.01.2020","14.01.2020","03.02.2020",14,"SD","041","BXD50_SD"
"2-BXD50-42","BXD50","2-BXD50-42","12.12.2019",2,"22.10.2019","lundi, 27 janvier 2020","02.01.2020","14.01.2020","03.02.2020",13.85714286,"CTRL","042","BXD50_CTRL"
"2-BXD51-43","BXD51","2-BXD51-43","12.12.2019",2,"01.10.2019","mardi, 7 janvier 2020","02.01.2020","24.12.2019","13.01.2020",14,"SD","043","BXD51_SD"
"2-BXD51-44","BXD51","2-BXD51-44","12.12.2019",2,"01.10.2019","lundi, 6 janvier 2020","02.01.2020","24.12.2019","13.01.2020",13.85714286,"CTRL","044","BXD51_CTRL"
"2-BXD56-45","BXD56","2-BXD56-45","12.12.2019",2,"15.10.2019","mardi, 14 janvier 2020","02.01.2020","07.01.2020","27.01.2020",13,"SD","045","BXD56_SD"
"2-BXD56-46","BXD56","2-BXD56-46","12.12.2019",2,"15.10.2019","lundi, 13 janvier 2020","02.01.2020","07.01.2020","27.01.2020",12.85714286,"CTRL","046","BXD56_CTRL"
"2-BXD64-47","BXD64","2-BXD64-47","12.12.2019",2,"22.10.2019","mardi, 28 janvier 2020","02.01.2020","14.01.2020","03.02.2020",14,"SD","047","BXD64_SD"
"2-BXD64-48","BXD64","2-BXD64-48","12.12.2019",2,"22.10.2019","lundi, 27 janvier 2020","02.01.2020","14.01.2020","03.02.2020",13.85714286,"CTRL","048","BXD64_CTRL"
"2-BXD65-49","BXD65","2-BXD65-49","12.12.2019",2,"29.10.2019","mardi, 28 janvier 2020","02.01.2020","21.01.2020","10.02.2020",13,"SD","049","BXD65_SD"
"2-BXD65-50","BXD65","2-BXD65-50","12.12.2019",2,"29.10.2019","lundi, 27 janvier 2020","02.01.2020","21.01.2020","10.02.2020",12.85714286,"CTRL","050","BXD65_CTRL"
"2-BXD66-51","BXD66","2-BXD66-51","12.12.2019",2,"08.10.2019","mardi, 7 janvier 2020","02.01.2020","31.12.2019","20.01.2020",13,"SD","051","BXD66_SD"
"2-BXD66-52","BXD66","2-BXD66-52","12.12.2019",2,"08.10.2019","lundi, 6 janvier 2020","02.01.2020","31.12.2019","20.01.2020",12.85714286,"CTRL","052","BXD66_CTRL"
"2-BXD71-53","BXD71","2-BXD71-53","12.12.2019",2,"15.10.2019","mardi, 14 janvier 2020","02.01.2020","07.01.2020","27.01.2020",13,"SD","053","BXD71_SD"
"2-BXD71-54","BXD71","2-BXD71-54","12.12.2019",2,"15.10.2019","lundi, 13 janvier 2020","02.01.2020","07.01.2020","27.01.2020",12.85714286,"CTRL","054","BXD71_CTRL"
"2-BXD73-55","BXD73","2-BXD73-55","12.12.2019",2,"15.10.2019","mardi, 21 janvier 2020","02.01.2020","07.01.2020","27.01.2020",14,"SD","055","BXD73_SD"
"2-BXD73-56","BXD73","2-BXD73-56","12.12.2019",2,"15.10.2019","lundi, 20 janvier 2020","02.01.2020","07.01.2020","27.01.2020",13.85714286,"CTRL","056","BXD73_CTRL"
"2-BXD75-57","BXD75","2-BXD75-57","12.12.2019",2,"15.10.2019","mardi, 21 janvier 2020","02.01.2020","07.01.2020","27.01.2020",14,"SD","057","BXD75_SD"
"2-BXD75-58","BXD75","2-BXD75-58","12.12.2019",2,"15.10.2019","lundi, 20 janvier 2020","02.01.2020","07.01.2020","27.01.2020",13.85714286,"CTRL","058","BXD75_CTRL"
"2-BXD81-59","BXD81","2-BXD81-59","12.12.2019",2,"15.10.2019","mardi, 21 janvier 2020","02.01.2020","07.01.2020","27.01.2020",14,"SD","059","BXD81_SD"
"2-BXD81-60","BXD81","2-BXD81-60","12.12.2019",2,"15.10.2019","lundi, 20 janvier 2020","02.01.2020","07.01.2020","27.01.2020",13.85714286,"CTRL","060","BXD81_CTRL"
"2-BXD90-61","BXD90","2-BXD90-61","12.12.2019",2,"08.10.2019","mardi, 7 janvier 2020","02.01.2020","31.12.2019","20.01.2020",13,"SD","061","BXD90_SD"
"2-BXD90-62","BXD90","2-BXD90-62","12.12.2019",2,"08.10.2019","lundi, 6 janvier 2020","02.01.2020","31.12.2019","20.01.2020",12.85714286,"CTRL","062","BXD90_CTRL"
"2-BXD95-63","BXD95","2-BXD95-63","12.12.2019",2,"29.10.2019","mardi, 28 janvier 2020","02.01.2020","21.01.2020","10.02.2020",13,"SD","063","BXD95_SD"
"2-BXD95-64","BXD95","2-BXD95-64","12.12.2019",2,"29.10.2019","lundi, 27 janvier 2020","02.01.2020","21.01.2020","10.02.2020",12.85714286,"CTRL","064","BXD95_CTRL"
"2-BXD48a-65","48a","2-BXD48a-65","12.12.2019",2,"01.10.2019","mardi, 7 janvier 2020","02.01.2020","24.12.2019","13.01.2020",14,"SD","065","48a_SD"
"2-BXD48a-66","48a","2-BXD48a-66","12.12.2019",2,"01.10.2019","lundi, 6 janvier 2020","02.01.2020","24.12.2019","13.01.2020",13.85714286,"CTRL","066","48a_CTRL"
"2-BXD73b-67","73b","2-BXD73b-67","12.12.2019",2,"15.10.2019","mardi, 21 janvier 2020","02.01.2020","07.01.2020","27.01.2020",14,"SD","067","73b_SD"
"2-BXD73b-68","73b","2-BXD73b-68","12.12.2019",2,"15.10.2019","lundi, 20 janvier 2020","02.01.2020","07.01.2020","27.01.2020",13.85714286,"CTRL","068","73b_CTRL"
"2-C57Bl6-69","C57Bl6","2-C57Bl6-69","12.12.2019",2,"15.10.2019","mardi, 21 janvier 2020","02.01.2020","07.01.2020","27.01.2020",14,"SD","069","C57Bl6_SD"
"2-C57Bl6-70","C57Bl6","2-C57Bl6-70","12.12.2019",2,"15.10.2019","lundi, 20 janvier 2020","02.01.2020","07.01.2020","27.01.2020",13.85714286,"CTRL","070","C57Bl6_CTRL"
"2-DBA-71","DBA","2-DBA-71","12.12.2019",2,"15.10.2019","mardi, 21 janvier 2020","02.01.2020","07.01.2020","27.01.2020",14,"SD","071","DBA_SD"
"2-DBA-72","DBA","2-DBA-72","12.12.2019",2,"15.10.2019","lundi, 20 janvier 2020","02.01.2020","07.01.2020","27.01.2020",13.85714286,"CTRL","072","DBA_CTRL"
"2-BXD85-73","BXD85","2-BXD85-73","12.12.2019",2,"29.10.2019","mardi, 21 janvier 2020","02.01.2020","21.01.2020","10.02.2020",12,"SD","073","BXD85_SD"
"2-BXD85-74","BXD85","2-BXD85-74","12.12.2019",2,"29.10.2019","lundi, 20 janvier 2020","02.01.2020","21.01.2020","10.02.2020",11.85714286,"CTRL","074","BXD85_CTRL"
"3-BXD43-75","BXD43","3-BXD43-75","09.01.2020",3,"01.11.2019","lundi, 3 février 2020","30.01.2020","24.01.2020","13.02.2020",13.42857143,"CTRL","075","BXD43_CTRL"
"3-BXD43-76","BXD43","3-BXD43-76","09.01.2020",3,"01.11.2019","mardi, 4 février 2020","30.01.2020","24.01.2020","13.02.2020",13.57142857,"SD","076","BXD43_SD"
"3-BXD45-77","BXD45","3-BXD45-77","09.01.2020",3,"19.11.2019","lundi, 17 février 2020","30.01.2020","11.02.2020","02.03.2020",12.85714286,"CTRL","077","BXD45_CTRL"
"3-BXD45-78","BXD45","3-BXD45-78","09.01.2020",3,"19.11.2019","mardi, 18 février 2020","30.01.2020","11.02.2020","02.03.2020",13,"SD","078","BXD45_SD"
"3-BXD49-79","BXD49","3-BXD49-79","09.01.2020",3,"05.11.2019","lundi, 3 février 2020","30.01.2020","28.01.2020","17.02.2020",12.85714286,"CTRL","079","BXD49_CTRL"
"3-BXD49-80","BXD49","3-BXD49-80","09.01.2020",3,"05.11.2019","mardi, 4 février 2020","30.01.2020","28.01.2020","17.02.2020",13,"SD","080","BXD49_SD"
"3-BXD55-81","BXD55","3-BXD55-81","09.01.2020",3,"29.10.2019","lundi, 3 février 2020","30.01.2020","21.01.2020","10.02.2020",13.85714286,"CTRL","081","BXD55_CTRL"
"3-BXD55-82","BXD55","3-BXD55-82","09.01.2020",3,"29.10.2019","mardi, 4 février 2020","30.01.2020","21.01.2020","10.02.2020",14,"SD","082","BXD55_SD"
"3-BXD56-83","BXD56","3-BXD56-83","09.01.2020",3,"05.11.2019","lundi, 3 février 2020","30.01.2020","28.01.2020","17.02.2020",12.85714286,"CTRL","083","BXD56_CTRL"
"3-BXD56-84","BXD56","3-BXD56-84","09.01.2020",3,"05.11.2019","mardi, 4 février 2020","30.01.2020","28.01.2020","17.02.2020",13,"SD","084","BXD56_SD"
"3-BXD61-85","BXD61","3-BXD61-85","09.01.2020",3,"19.11.2019","lundi, 17 février 2020","30.01.2020","11.02.2020","02.03.2020",12.85714286,"CTRL","085","BXD61_CTRL"
"3-BXD61-86","BXD61","3-BXD61-86","09.01.2020",3,"19.11.2019","mardi, 18 février 2020","30.01.2020","11.02.2020","02.03.2020",13,"SD","086","BXD61_SD"
"3-BXD66-87","BXD66","3-BXD66-87","09.01.2020",3,"05.11.2019","lundi, 3 février 2020","30.01.2020","28.01.2020","17.02.2020",12.85714286,"CTRL","087","BXD66_CTRL"
"3-BXD66-88","BXD66","3-BXD66-88","09.01.2020",3,"05.11.2019","mardi, 4 février 2020","30.01.2020","28.01.2020","17.02.2020",13,"SD","088","BXD66_SD"
"3-BXD67-89","BXD67","3-BXD67-89","09.01.2020",3,"19.11.2019","lundi, 17 février 2020","30.01.2020","11.02.2020","02.03.2020",12.85714286,"CTRL","089","BXD67_CTRL"
"3-BXD67-90","BXD67","3-BXD67-90","09.01.2020",3,"19.11.2019","mardi, 18 février 2020","30.01.2020","11.02.2020","02.03.2020",13,"SD","090","BXD67_SD"
"3-BXD70-91","BXD70","3-BXD70-91","09.01.2020",3,"19.11.2019","lundi, 17 février 2020","30.01.2020","11.02.2020","02.03.2020",12.85714286,"CTRL","091","BXD70_CTRL"
"3-BXD70-92","BXD70","3-BXD70-92","09.01.2020",3,"19.11.2019","mardi, 18 février 2020","30.01.2020","11.02.2020","02.03.2020",13,"SD","092","BXD70_SD"
"3-BXD73-93","BXD73","3-BXD73-93","09.01.2020",3,"05.11.2019","lundi, 3 février 2020","30.01.2020","28.01.2020","17.02.2020",12.85714286,"CTRL","093","BXD73_CTRL"
"3-BXD73-94","BXD73","3-BXD73-94","09.01.2020",3,"05.11.2019","mardi, 4 février 2020","30.01.2020","28.01.2020","17.02.2020",13,"SD","094","BXD73_SD"
"3-BXD75-95","BXD75","3-BXD75-95","09.01.2020",3,"05.11.2019","lundi, 10 février 2020","30.01.2020","28.01.2020","17.02.2020",13.85714286,"CTRL","095","BXD75_CTRL"
"3-BXD75-96","BXD75","3-BXD75-96","09.01.2020",3,"05.11.2019","mardi, 11 février 2020","30.01.2020","28.01.2020","17.02.2020",14,"SD","096","BXD75_SD"
"3-BXD79-97","BXD79","3-BXD79-97","09.01.2020",3,"29.10.2019","lundi, 3 février 2020","30.01.2020","21.01.2020","10.02.2020",13.85714286,"CTRL","097","BXD79_CTRL"
"3-BXD79-98","BXD79","3-BXD79-98","09.01.2020",3,"29.10.2019","mardi, 4 février 2020","30.01.2020","21.01.2020","10.02.2020",14,"SD","098","BXD79_SD"
"3-BXD83-99","BXD83","3-BXD83-99","09.01.2020",3,"05.11.2019","lundi, 10 février 2020","30.01.2020","28.01.2020","17.02.2020",13.85714286,"CTRL","099","BXD83_CTRL"
"3-BXD83-100","BXD83","3-BXD83-100","09.01.2020",3,"05.11.2019","mardi, 11 février 2020","30.01.2020","28.01.2020","17.02.2020",14,"SD","100","BXD83_SD"
"3-BXD84-101","BXD84","3-BXD84-101","09.01.2020",3,"05.11.2019","lundi, 10 février 2020","30.01.2020","28.01.2020","17.02.2020",13.85714286,"CTRL","101","BXD84_CTRL"
"3-BXD84-102","BXD84","3-BXD84-102","09.01.2020",3,"05.11.2019","mardi, 11 février 2020","30.01.2020","28.01.2020","17.02.2020",14,"SD","102","BXD84_SD"
"3-BXD90-103","BXD90","3-BXD90-103","09.01.2020",3,"12.11.2019","lundi, 10 février 2020","30.01.2020","04.02.2020","24.02.2020",12.85714286,"CTRL","103","BXD90_CTRL"
"3-BXD90-104","BXD90","3-BXD90-104","09.01.2020",3,"12.11.2019","mardi, 11 février 2020","30.01.2020","04.02.2020","24.02.2020",13,"SD","104","BXD90_SD"
"3-BXD48a-105","48a","3-BXD48a-105","09.01.2020",3,"29.10.2019","lundi, 3 février 2020","30.01.2020","21.01.2020","10.02.2020",13.85714286,"CTRL","105","48a_CTRL"
"3-BXD48a-106","48a","3-BXD48a-106","09.01.2020",3,"29.10.2019","mardi, 4 février 2020","30.01.2020","21.01.2020","10.02.2020",14,"SD","106","48a_SD"
"3-BXD100-107","BXD100","3-BXD100-107","09.01.2020",3,"19.11.2019","lundi, 17 février 2020","30.01.2020","11.02.2020","02.03.2020",12.85714286,"CTRL","107","BXD100_CTRL"
"3-BXD100-108","BXD100","3-BXD100-108","09.01.2020",3,"19.11.2019","mardi, 18 février 2020","30.01.2020","11.02.2020","02.03.2020",13,"SD","108","BXD100_SD"
"3-C57Bl6-109","C57Bl6","3-C57Bl6-109","09.01.2020",3,"12.11.2019","lundi, 10 février 2020","30.01.2020","04.02.2020","24.02.2020",12.85714286,"CTRL","109","C57Bl6_CTRL"
"3-C57Bl6-110","C57Bl6","3-C57Bl6-110","09.01.2020",3,"12.11.2019","mardi, 11 février 2020","30.01.2020","04.02.2020","24.02.2020",13,"SD","110","C57Bl6_SD"
"3-DBA-111","DBA","3-DBA-111","09.01.2020",3,"12.11.2019","lundi, 10 février 2020","30.01.2020","04.02.2020","24.02.2020",12.85714286,"CTRL","111","DBA_CTRL"
"4-DBA-112","DBA","4-DBA-112","31.01.2020",4,"03.12.2019","lundi, 2 mars 2020","21.02.2020","25.02.2020","16.03.2020",12.85714286,"CTRL","112","DBA_CTRL"
"4-DBA-113","DBA","4-DBA-113","31.01.2020",4,"03.12.2019","mardi, 3 mars 2020","21.02.2020","25.02.2020","16.03.2020",13,"SD","113","DBA_SD"
"4-BXD48-114","BXD48","4-BXD48-114","31.01.2020",4,"19.11.2019","lundi, 24 février 2020","21.02.2020","11.02.2020","02.03.2020",13.85714286,"CTRL","114","BXD48_CTRL"
"4-BXD48-115","BXD48","4-BXD48-115","31.01.2020",4,"19.11.2019","mardi, 25 février 2020","21.02.2020","11.02.2020","02.03.2020",14,"SD","115","BXD48_SD"
"4-BXD49-116","BXD49","4-BXD49-116","31.01.2020",4,"26.11.2019","lundi, 2 mars 2020","21.02.2020","18.02.2020","09.03.2020",13.85714286,"CTRL","116","BXD49_CTRL"
"4-BXD49-117","BXD49","4-BXD49-117","31.01.2020",4,"26.11.2019","mardi, 3 mars 2020","21.02.2020","18.02.2020","09.03.2020",14,"SD","117","BXD49_SD"
"4-BXD51-118","BXD51","4-BXD51-118","31.01.2020",4,"14.11.2019","lundi, 24 février 2020","21.02.2020","06.02.2020","26.02.2020",14.57142857,"CTRL","118","BXD51_CTRL"
"4-BXD51-119","BXD51","4-BXD51-119","31.01.2020",4,"14.11.2019","mardi, 25 février 2020","21.02.2020","06.02.2020","26.02.2020",14.71428571,"SD","119","BXD51_SD"
"4-BXD55-120","BXD55","4-BXD55-120","31.01.2020",4,"19.11.2019","lundi, 24 février 2020","21.02.2020","11.02.2020","02.03.2020",13.85714286,"CTRL","120","BXD55_CTRL"
"4-BXD55-121","BXD55","4-BXD55-121","31.01.2020",4,"19.11.2019","mardi, 25 février 2020","21.02.2020","11.02.2020","02.03.2020",14,"SD","121","BXD55_SD"
"4-BXD64-122","BXD64","4-BXD64-122","31.01.2020",4,"03.12.2019","lundi, 2 mars 2020","21.02.2020","25.02.2020","16.03.2020",12.85714286,"CTRL","122","BXD64_CTRL"
"4-BXD64-123","BXD64","4-BXD64-123","31.01.2020",4,"03.12.2019","mardi, 3 mars 2020","21.02.2020","25.02.2020","16.03.2020",13,"SD","123","BXD64_SD"
"4-BXD81-124","BXD81","4-BXD81-124","31.01.2020",4,"26.11.2019","lundi, 2 mars 2020","21.02.2020","18.02.2020","09.03.2020",13.85714286,"CTRL","124","BXD81_CTRL"
"4-BXD81-125","BXD81","4-BXD81-125","31.01.2020",4,"26.11.2019","mardi, 3 mars 2020","21.02.2020","18.02.2020","09.03.2020",14,"SD","125","BXD81_SD"
"4-BXD83-126","BXD83","4-BXD83-126","31.01.2020",4,"19.11.2019","lundi, 24 février 2020","21.02.2020","11.02.2020","02.03.2020",13.85714286,"CTRL","126","BXD83_CTRL"
"4-BXD83-127","BXD83","4-BXD83-127","31.01.2020",4,"19.11.2019","mardi, 25 février 2020","21.02.2020","11.02.2020","02.03.2020",14,"SD","127","BXD83_SD"
"4-BXD84-128","BXD84","4-BXD84-128","31.01.2020",4,"26.11.2019","lundi, 2 mars 2020","21.02.2020","18.02.2020","09.03.2020",13.85714286,"CTRL","128","BXD84_CTRL"
"4-BXD84-129","BXD84","4-BXD84-129","31.01.2020",4,"26.11.2019","mardi, 3 mars 2020","21.02.2020","18.02.2020","09.03.2020",14,"SD","129","BXD84_SD"
"4-BXD85-130","BXD85","4-BXD85-130","31.01.2020",4,"03.12.2019","lundi, 2 mars 2020","21.02.2020","25.02.2020","16.03.2020",12.85714286,"CTRL","130","BXD85_CTRL"
"4-BXD85-131","BXD85","4-BXD85-131","31.01.2020",4,"03.12.2019","mardi, 3 mars 2020","21.02.2020","25.02.2020","16.03.2020",13,"SD","131","BXD85_SD"
"4-BXD89-132","BXD89","4-BXD89-132","31.01.2020",4,"26.11.2019","lundi, 2 mars 2020","21.02.2020","18.02.2020","09.03.2020",13.85714286,"CTRL","132","BXD89_CTRL"
"4-BXD89-133","BXD89","4-BXD89-133","31.01.2020",4,"26.11.2019","mardi, 3 mars 2020","21.02.2020","18.02.2020","09.03.2020",14,"SD","133","BXD89_SD"
"4-BXD95-134","BXD95","4-BXD95-134","31.01.2020",4,"26.11.2019","lundi, 24 février 2020","21.02.2020","18.02.2020","09.03.2020",12.85714286,"CTRL","134","BXD95_CTRL"
"4-BXD95-135","BXD95","4-BXD95-135","31.01.2020",4,"26.11.2019","mardi, 25 février 2020","21.02.2020","18.02.2020","09.03.2020",13,"SD","135","BXD95_SD"
"4-BXD48a-136","48a","4-BXD48a-136","31.01.2020",4,"19.11.2019","lundi, 24 février 2020","21.02.2020","11.02.2020","02.03.2020",13.85714286,"CTRL","136","48a_CTRL"
"4-BXD48a-137","48a","4-BXD48a-137","31.01.2020",4,"19.11.2019","mardi, 25 février 2020","21.02.2020","11.02.2020","02.03.2020",14,"SD","137","48a_SD"
"4-BXD65a-138","65a","4-BXD65a-138","31.01.2020",4,"26.11.2019","lundi, 24 février 2020","21.02.2020","18.02.2020","09.03.2020",12.85714286,"CTRL","138","65a_CTRL"
"4-BXD65a-139","65a","4-BXD65a-139","31.01.2020",4,"26.11.2019","mardi, 25 février 2020","21.02.2020","18.02.2020","09.03.2020",13,"SD","139","65a_SD"
"4-BXD98-140","BXD98","4-BXD98-140","31.01.2020",4,"26.11.2019","lundi, 24 février 2020","21.02.2020","18.02.2020","09.03.2020",12.85714286,"CTRL","140","BXD98_CTRL"
"4-BXD98-141","BXD98","4-BXD98-141","31.01.2020",4,"26.11.2019","mardi, 25 février 2020","21.02.2020","18.02.2020","09.03.2020",13,"SD","141","BXD98_SD"
"4-BXD101-142","BXD101","4-BXD101-142","31.01.2020",4,"19.11.2019","lundi, 24 février 2020","21.02.2020","11.02.2020","02.03.2020",13.85714286,"CTRL","142","BXD101_CTRL"
"4-BXD101-143","BXD101","4-BXD101-143","31.01.2020",4,"19.11.2019","mardi, 25 février 2020","21.02.2020","11.02.2020","02.03.2020",14,"SD","143","BXD101_SD"
"4-BXD73b-144","73b","4-BXD73b-144","31.01.2020",4,"03.12.2019","lundi, 2 mars 2020","21.02.2020","25.02.2020","16.03.2020",12.85714286,"CTRL","144","73b_CTRL"
"4-BXD73b-145","73b","4-BXD73b-145","31.01.2020",4,"03.12.2019","mardi, 3 mars 2020","21.02.2020","25.02.2020","16.03.2020",13,"SD","145","73b_SD"
"4-C57Bl6-146","C57Bl6","4-C57Bl6-146","31.01.2020",4,"03.12.2019","lundi, 2 mars 2020","21.02.2020","25.02.2020","16.03.2020",12.85714286,"CTRL","146","C57Bl6_CTRL"
"4-C57Bl6-147","C57Bl6","4-C57Bl6-147","31.01.2020",4,"03.12.2019","mardi, 3 mars 2020","21.02.2020","25.02.2020","16.03.2020",13,"SD","147","C57Bl6_SD"
"5-BXD43-148","BXD43","5-BXD43-148","13.02.2020",5,"17.12.2019","lundi, 16 mars 2020","05.03.2020","10.03.2020","30.03.2020",12.85714286,"CTRL","148","BXD43_CTRL"
"5-BXD43-149","BXD43","5-BXD43-149","13.02.2020",5,"17.12.2019","mardi, 17 mars 2020","05.03.2020","10.03.2020","30.03.2020",13,"SD","149","BXD43_SD"
"5-BXD45-150","BXD45","5-BXD45-150","13.02.2020",5,"24.12.2019","lundi, 23 mars 2020","05.03.2020","17.03.2020","06.04.2020",12.85714286,"CTRL","150","BXD45_CTRL"
"5-BXD45-151","BXD45","5-BXD45-151","13.02.2020",5,"24.12.2019","mardi, 24 mars 2020","05.03.2020","17.03.2020","06.04.2020",13,"SD","151","BXD45_SD"
"5-BXD48-152","BXD48","5-BXD48-152","13.02.2020",5,"17.12.2019","lundi, 16 mars 2020","05.03.2020","10.03.2020","30.03.2020",12.85714286,"CTRL","152","BXD48_CTRL"
"5-BXD48-153","BXD48","5-BXD48-153","13.02.2020",5,"17.12.2019","mardi, 17 mars 2020","05.03.2020","10.03.2020","30.03.2020",13,"SD","153","BXD48_SD"
"5-BXD50-154","BXD50","5-BXD50-154","13.02.2020",5,"17.12.2019","lundi, 16 mars 2020","05.03.2020","10.03.2020","30.03.2020",12.85714286,"CTRL","154","BXD50_CTRL"
"5-BXD50-155","BXD50","5-BXD50-155","13.02.2020",5,"17.12.2019","mardi, 17 mars 2020","05.03.2020","10.03.2020","30.03.2020",13,"SD","155","BXD50_SD"
"5-BXD61-156","BXD61","5-BXD61-156","13.02.2020",5,"17.12.2019","lundi, 9 mars 2020","05.03.2020","10.03.2020","30.03.2020",11.85714286,"CTRL","156","BXD61_CTRL"
"5-BXD61-157","BXD61","5-BXD61-157","13.02.2020",5,"17.12.2019","mardi, 10 mars 2020","05.03.2020","10.03.2020","30.03.2020",12,"SD","157","BXD61_SD"
"5-BXD64-158","BXD64","5-BXD64-158","13.02.2020",5,"17.12.2019","lundi, 23 mars 2020","05.03.2020","10.03.2020","30.03.2020",13.85714286,"CTRL","158","BXD64_CTRL"
"5-BXD64-159","BXD64","5-BXD64-159","13.02.2020",5,"17.12.2019","mardi, 24 mars 2020","05.03.2020","10.03.2020","30.03.2020",14,"SD","159","BXD64_SD"
"5-BXD65-160","BXD65","5-BXD65-160","13.02.2020",5,"07.01.2020","mercredi, 8 avril 2020","05.03.2020","31.03.2020","20.04.2020",13.14285714,"CTRL","160","BXD65_CTRL"
"5-BXD65-161","BXD65","5-BXD65-161","13.02.2020",5,"07.01.2020","jeudi, 9 avril 2020","05.03.2020","31.03.2020","20.04.2020",13.28571429,"SD","161","BXD65_SD"
"5-BXD67-162","BXD67","5-BXD67-162","13.02.2020",5,"17.12.2019","lundi, 16 mars 2020","05.03.2020","10.03.2020","30.03.2020",12.85714286,"CTRL","162","BXD67_CTRL"
"5-BXD67-163","BXD67","5-BXD67-163","13.02.2020",5,"17.12.2019","mardi, 17 mars 2020","05.03.2020","10.03.2020","30.03.2020",13,"SD","163","BXD67_SD"
"5-BXD70-164","BXD70","5-BXD70-164","13.02.2020",5,"17.12.2019","lundi, 16 mars 2020","05.03.2020","10.03.2020","30.03.2020",12.85714286,"CTRL","164","BXD70_CTRL"
"5-BXD70-165","BXD70","5-BXD70-165","13.02.2020",5,"17.12.2019","mardi, 17 mars 2020","05.03.2020","10.03.2020","30.03.2020",13,"SD","165","BXD70_SD"
"5-BXD79-166","BXD79","5-BXD79-166","13.02.2020",5,"10.12.2019","lundi, 9 mars 2020","05.03.2020","03.03.2020","23.03.2020",12.85714286,"CTRL","166","BXD79_CTRL"
"5-BXD79-167","BXD79","5-BXD79-167","13.02.2020",5,"10.12.2019","mardi, 10 mars 2020","05.03.2020","03.03.2020","23.03.2020",13,"SD","167","BXD79_SD"
"5-BXD81-168","BXD81","5-BXD81-168","13.02.2020",5,"10.12.2019","lundi, 9 mars 2020","05.03.2020","03.03.2020","23.03.2020",12.85714286,"CTRL","168","BXD81_CTRL"
"5-BXD81-169","BXD81","5-BXD81-169","13.02.2020",5,"10.12.2019","mardi, 10 mars 2020","05.03.2020","03.03.2020","23.03.2020",13,"SD","169","BXD81_SD"
"5-BXD85-170","BXD85","5-BXD85-170","13.02.2020",5,"17.12.2019","lundi, 16 mars 2020","05.03.2020","10.03.2020","30.03.2020",12.85714286,"CTRL","170","BXD85_CTRL"
"5-BXD85-171","BXD85","5-BXD85-171","13.02.2020",5,"17.12.2019","mardi, 17 mars 2020","05.03.2020","10.03.2020","30.03.2020",13,"SD","171","BXD85_SD"
"5-BXD89-174","BXD89","5-BXD89-174","13.02.2020",5,"17.12.2019","lundi, 9 mars 2020","05.03.2020","10.03.2020","30.03.2020",11.85714286,"CTRL","174","BXD89_CTRL"
"5-BXD89-175","BXD89","5-BXD89-175","13.02.2020",5,"17.12.2019","mardi, 10 mars 2020","05.03.2020","10.03.2020","30.03.2020",12,"SD","175","BXD89_SD"
"5-BXD90-176","BXD90","5-BXD90-176","13.02.2020",5,"17.12.2019","lundi, 16 mars 2020","05.03.2020","10.03.2020","30.03.2020",12.85714286,"CTRL","176","BXD90_CTRL"
"5-BXD90-177","BXD90","5-BXD90-177","13.02.2020",5,"17.12.2019","mardi, 17 mars 2020","05.03.2020","10.03.2020","30.03.2020",13,"SD","177","BXD90_SD"
"5-BXD95-178","BXD95","5-BXD95-178","13.02.2020",5,"10.12.2019","lundi, 9 mars 2020","05.03.2020","03.03.2020","23.03.2020",12.85714286,"CTRL","178","BXD95_CTRL"
"5-BXD95-179","BXD95","5-BXD95-179","13.02.2020",5,"10.12.2019","mardi, 10 mars 2020","05.03.2020","03.03.2020","23.03.2020",13,"SD","179","BXD95_SD"
"5-C57Bl6-180","C57Bl6","5-C57Bl6-180","13.02.2020",5,"17.12.2019","lundi, 9 mars 2020","05.03.2020","10.03.2020","30.03.2020",11.85714286,"CTRL","180","C57Bl6_CTRL"
"5-C57Bl6-181","C57Bl6","5-C57Bl6-181","13.02.2020",5,"17.12.2019","mardi, 10 mars 2020","05.03.2020","10.03.2020","30.03.2020",12,"SD","181","C57Bl6_SD"
"5-DBA-182","DBA","5-DBA-182","13.02.2020",5,"17.12.2019","lundi, 9 mars 2020","05.03.2020","10.03.2020","30.03.2020",11.85714286,"CTRL","182","DBA_CTRL"
"5-DBA-183","DBA","5-DBA-183","13.02.2020",5,"17.12.2019","mardi, 10 mars 2020","05.03.2020","10.03.2020","30.03.2020",12,"SD","183","DBA_SD"
"6-BXD43-184","BXD43","6-BXD43-184","05.03.2020",6,"14.01.2020","mercredi, 8 avril 2020","26.03.2020","07.04.2020","27.04.2020",12.14285714,"CTRL","184","BXD43_CTRL"
"6-BXD43-185","BXD43","6-BXD43-185","05.03.2020",6,"14.01.2020","jeudi, 9 avril 2020","26.03.2020","07.04.2020","27.04.2020",12.28571429,"SD","185","BXD43_SD"
"6-BXD50-186","BXD50","6-BXD50-186","05.03.2020",6,"31.12.2019","lundi, 30 mars 2020","26.03.2020","24.03.2020","13.04.2020",12.85714286,"CTRL","186","BXD50_CTRL"
"6-BXD50-187","BXD50","6-BXD50-187","05.03.2020",6,"31.12.2019","mardi, 31 mars 2020","26.03.2020","24.03.2020","13.04.2020",13,"SD","187","BXD50_SD"
"6-BXD65-188","BXD65","6-BXD65-188","05.03.2020",6,"07.01.2020","lundi, 30 mars 2020","26.03.2020","31.03.2020","20.04.2020",11.85714286,"CTRL","188","BXD65_CTRL"
"6-BXD65-189","BXD65","6-BXD65-189","05.03.2020",6,"07.01.2020","mardi, 31 mars 2020","26.03.2020","31.03.2020","20.04.2020",12,"SD","189","BXD65_SD"
"6-BXD65a-190","65a","6-BXD65a-190","05.03.2020",6,"14.01.2020","mercredi, 8 avril 2020","26.03.2020","07.04.2020","27.04.2020",12.14285714,"CTRL","190","65a_CTRL"
"6-BXD98-192","BXD98","6-BXD98-192","05.03.2020",6,"14.01.2020","mercredi, 8 avril 2020","26.03.2020","07.04.2020","27.04.2020",12.14285714,"CTRL","192","BXD98_CTRL"
"6-BXD98-193","BXD98","6-BXD98-193","05.03.2020",6,"14.01.2020","jeudi, 9 avril 2020","26.03.2020","07.04.2020","27.04.2020",12.28571429,"SD","193","BXD98_SD"
"6-BXD98-194","BXD98","6-BXD98-194","05.03.2020",6,"14.01.2020","mercredi, 8 avril 2020","26.03.2020","07.04.2020","27.04.2020",12.14285714,"CTRL","194","BXD98_CTRL"
"6-BXD98-195","BXD98","6-BXD98-195","05.03.2020",6,"14.01.2020","jeudi, 9 avril 2020","26.03.2020","07.04.2020","27.04.2020",12.28571429,"SD","195","BXD98_SD"
"6-BXD100-196","BXD100","6-BXD100-196","05.03.2020",6,"07.01.2020","lundi, 30 mars 2020","26.03.2020","31.03.2020","20.04.2020",11.85714286,"CTRL","196","BXD100_CTRL"
"6-BXD100-197","BXD100","6-BXD100-197","05.03.2020",6,"07.01.2020","mardi, 31 mars 2020","26.03.2020","31.03.2020","20.04.2020",12,"SD","197","BXD100_SD"
"6-BXD73b-198","73b","6-BXD73b-198","05.03.2020",6,"14.01.2020","mercredi, 8 avril 2020","26.03.2020","07.04.2020","27.04.2020",12.14285714,"CTRL","198","73b_CTRL"
"6-BXD73b-199","73b","6-BXD73b-199","05.03.2020",6,"14.01.2020","jeudi, 9 avril 2020","26.03.2020","07.04.2020","27.04.2020",12.28571429,"SD","199","73b_SD"
"6-C57Bl6-200","C57Bl6","6-C57Bl6-200","05.03.2020",6,"07.01.2020","mercredi, 8 avril 2020","26.03.2020","31.03.2020","20.04.2020",13.14285714,"CTRL","200","C57Bl6_CTRL"
"6-C57Bl6-201","C57Bl6","6-C57Bl6-201","05.03.2020",6,"07.01.2020","jeudi, 9 avril 2020","26.03.2020","31.03.2020","20.04.2020",13.28571429,"SD","201","C57Bl6_SD"
"6-DBA-202","DBA","6-DBA-202","05.03.2020",6,"07.01.2020","mercredi, 8 avril 2020","26.03.2020","31.03.2020","20.04.2020",13.14285714,"CTRL","202","DBA_CTRL"
"6-DBA-203","DBA","6-DBA-203","05.03.2020",6,"07.01.2020","jeudi, 9 avril 2020","26.03.2020","31.03.2020","20.04.2020",13.28571429,"SD","203","DBA_SD"
"6-BXD44-204","BXD44","6-BXD44-204","05.03.2020",6,"14.01.2020","mercredi, 8 avril 2020","26.03.2020","07.04.2020","27.04.2020",12.14285714,"CTRL","204","BXD44_CTRL"
"6-BXD44-205","BXD44","6-BXD44-205","05.03.2020",6,"14.01.2020","jeudi, 9 avril 2020","26.03.2020","07.04.2020","27.04.2020",12.28571429,"SD","205","BXD44_SD"
"6-BXD44-206","BXD44","6-BXD44-206","05.03.2020",6,"14.01.2020","mercredi, 8 avril 2020","26.03.2020","07.04.2020","27.04.2020",12.14285714,"CTRL","206","BXD44_CTRL"
"6-BXD44-207","BXD44","6-BXD44-207","05.03.2020",6,"14.01.2020","jeudi, 9 avril 2020","26.03.2020","07.04.2020","27.04.2020",12.28571429,"SD","207","BXD44_SD"
"6-BXD44-208","BXD44","6-BXD44-208","05.03.2020",6,"14.01.2020","mercredi, 8 avril 2020","26.03.2020","07.04.2020","27.04.2020",12.14285714,"CTRL","208","BXD44_CTRL"
"6-BXD44-209","BXD44","6-BXD44-209","05.03.2020",6,"14.01.2020","jeudi, 9 avril 2020","26.03.2020","07.04.2020","27.04.2020",12.28571429,"SD","209","BXD44_SD"
"6-BXD79-210","BXD79","6-BXD79-210","05.03.2020",6,"10.12.2019","lundi, 23 mars 2020","26.03.2020","03.03.2020","23.03.2020",14.85714286,"CTRL","210","BXD79_CTRL"
"6-BXD79-211","BXD79","6-BXD79-211","05.03.2020",6,"10.12.2019","mardi, 24 mars 2020","26.03.2020","03.03.2020","23.03.2020",15,"SD","211","BXD79_SD"
"7-BXD79-212","BXD79","7-BXD79-212","25.06.2020",7,"11.05.2020","lundi, 3 août 2020","16.07.2020","03.08.2020","23.08.2020",12,"CTRL","212","BXD79_CTRL"
"7-BXD79-213","BXD79","7-BXD79-213","25.06.2020",7,"11.05.2020","mardi, 4 août 2020","16.07.2020","03.08.2020","23.08.2020",12.14285714,"SD","213","BXD79_SD"
"7-BXD65a-214","65a","7-BXD65a-214","25.06.2020",7,"07.04.2020","lundi, 13 juillet 2020","16.07.2020","30.06.2020","20.07.2020",13.85714286,"CTRL","214","65a_CTRL"
"7-BXD65a-215","65a","7-BXD65a-215","25.06.2020",7,"07.04.2020","mardi, 14 juillet 2020","16.07.2020","30.06.2020","20.07.2020",14,"SD","215","65a_SD"
"7-C57Bl6-216","C57Bl6","7-C57Bl6-216","25.06.2020",7,"28.04.2020","lundi, 3 août 2020","16.07.2020","21.07.2020","10.08.2020",13.85714286,"CTRL","216","C57Bl6_CTRL"
"7-C57Bl6-217","C57Bl6","7-C57Bl6-217","25.06.2020",7,"28.04.2020","mardi, 4 août 2020","16.07.2020","21.07.2020","10.08.2020",14,"SD","217","C57Bl6_SD"
"7-DBA-218","DBA","7-DBA-218","25.06.2020",7,"28.04.2020","lundi, 3 août 2020","16.07.2020","21.07.2020","10.08.2020",13.85714286,"CTRL","218","DBA_CTRL"
"7-DBA-219","DBA","7-DBA-219","25.06.2020",7,"28.04.2020","mardi, 4 août 2020","16.07.2020","21.07.2020","10.08.2020",14,"SD","219","DBA_SD"
"7-BXD71-220","BXD71","7-BXD71-220","25.06.2020",7,"14.04.2020","lundi, 13 juillet 2020","16.07.2020","07.07.2020","27.07.2020",12.85714286,"CTRL","220","BXD71_CTRL"
"7-BXD71-221","BXD71","7-BXD71-221","25.06.2020",7,"14.04.2020","mardi, 14 juillet 2020","16.07.2020","07.07.2020","27.07.2020",13,"SD","221","BXD71_SD"
"8-BXD101-222","BXD101","8-BXD101-222","03.09.2020",8,"28.07.2020","lundi, 19 octobre 2020","24.09.2020","20.10.2020","09.11.2020",11.85714286,"CTRL","222","BXD101_CTRL"
"8-BXD101-223","BXD101","8-BXD101-223","03.09.2020",8,"28.07.2020","mardi, 20 octobre 2020","24.09.2020","20.10.2020","09.11.2020",12,"SD","223","BXD101_SD"
"8-BXD71-224","BXD71","8-BXD71-224","03.09.2020",8,"21.07.2020","lundi, 19 octobre 2020","24.09.2020","13.10.2020","02.11.2020",12.85714286,"CTRL","224","BXD71_CTRL"
"8-BXD71-225","BXD71","8-BXD71-225","03.09.2020",8,"21.07.2020","mardi, 20 octobre 2020","24.09.2020","13.10.2020","02.11.2020",13,"SD","225","BXD71_SD"
"8-C57Bl6-226","C57Bl6","8-C57Bl6-226","03.09.2020",8,"07.07.2020","lundi, 19 octobre 2020","24.09.2020","29.09.2020","19.10.2020",14.85714286,"CTRL","226","C57Bl6_CTRL"
"8-C57Bl6-227","C57Bl6","8-C57Bl6-227","03.09.2020",8,"07.07.2020","mardi, 20 octobre 2020","24.09.2020","29.09.2020","19.10.2020",15,"SD","227","C57Bl6_SD"
"8-DBA-228","DBA","8-DBA-228","03.09.2020",8,"07.07.2020","lundi, 19 octobre 2020","24.09.2020","29.09.2020","19.10.2020",14.85714286,"CTRL","228","DBA_CTRL"
"8-DBA-229","DBA","8-DBA-229","03.09.2020",8,"07.07.2020","mardi, 20 octobre 2020","24.09.2020","29.09.2020","19.10.2020",15,"SD","229","DBA_SD"
